Anchor Node,X,Y
1,321.01582307714386,42.069982497524414
2,80.81435704730688,449.2770942635396
3,303.21452982979497,4.5985258083148235
4,50.735771433016055,331.7508845540279
